{
    "batchName": "",
    "batchTime": 1721462538,
    "boardConf": "IR-C21M08-00",
    "boardCustom": "",
    "boardName": "DM9098",
    "boardOptions": 1048580,
    "boardRev": "R8M2E8",
    "cameraData": [
        [
            2,
            {
                "cameraType": 0,
                "distortionCoeff": [
                    25.24893569946289,
                    -42.012916564941406,
                    -0.001360775320790708,
                    0.0018544597551226616,
                    21.303850173950195,
                    24.62177085876465,
                    -40.19456481933594,
                    19.942848205566406,
                    0.0,
                    0.0,
                    0.0,
                    0.0,
                    -0.006301304325461388,
                    -0.0027362159453332424
                ],
                "extrinsics": {
                    "rotationMatrix": [
                        [
                            0.9998602867126465,
                            -0.0005730681587010622,
                            0.016706768423318863
                        ],
                        [
                            0.0007892728317528963,
                            0.9999160170555115,
                            -0.012937422841787338
                        ],
                        [
                            -0.016697950661182404,
                            0.01294880174100399,
                            0.9997767210006714
                        ]
                    ],
                    "specTranslation": {
                        "x": 3.75,
                        "y": 0.0,
                        "z": 0.0
                    },
                    "toCameraSocket": 0,
                    "translation": {
                        "x": 3.758631944656372,
                        "y": 0.02882523089647293,
                        "z": -0.10913151502609253
                    }
                },
                "height": 800,
                "intrinsicMatrix": [
                    [
                        797.7434692382813,
                        0.0,
                        642.9682006835938
                    ],
                    [
                        0.0,
                        797.6565551757813,
                        389.73809814453125
                    ],
                    [
                        0.0,
                        0.0,
                        1.0
                    ]
                ],
                "lensPosition": 0,
                "specHfovDeg": 71.86000061035156,
                "width": 1280
            }
        ],
        [
            0,
            {
                "cameraType": 0,
                "distortionCoeff": [
                    7.328988075256348,
                    -72.9818344116211,
                    0.00010336811101296917,
                    7.152620673878118e-05,
                    327.93402099609375,
                    7.125824451446533,
                    -71.5947036743164,
                    321.654052734375,
                    0.0,
                    0.0,
                    0.0,
                    0.0,
                    0.00221843458712101,
                    -0.007476379629224539
                ],
                "extrinsics": {
                    "rotationMatrix": [
                        [
                            0.0,
                            0.0,
                            0.0
                        ],
                        [
                            0.0,
                            0.0,
                            0.0
                        ],
                        [
                            0.0,
                            0.0,
                            0.0
                        ]
                    ],
                    "specTranslation": {
                        "x": -0.0,
                        "y": -0.0,
                        "z": -0.0
                    },
                    "toCameraSocket": -1,
                    "translation": {
                        "x": 0.0,
                        "y": 0.0,
                        "z": 0.0
                    }
                },
                "height": 2160,
                "intrinsicMatrix": [
                    [
                        3080.307373046875,
                        0.0,
                        1936.880859375
                    ],
                    [
                        0.0,
                        3078.549560546875,
                        1126.431396484375
                    ],
                    [
                        0.0,
                        0.0,
                        1.0
                    ]
                ],
                "lensPosition": 125,
                "specHfovDeg": 68.7938003540039,
                "width": 3840
            }
        ],
        [
            1,
            {
                "cameraType": 0,
                "distortionCoeff": [
                    20.585052490234375,
                    -24.770732879638672,
                    0.0006309582968242466,
                    2.522238173696678e-05,
                    2.6448755264282227,
                    20.006343841552734,
                    -23.102197647094727,
                    1.4213826656341553,
                    0.0,
                    0.0,
                    0.0,
                    0.0,
                    -0.004934134427458048,
                    0.006838656961917877
                ],
                "extrinsics": {
                    "rotationMatrix": [
                        [
                            0.9988261461257935,
                            -0.02799420990049839,
                            -0.039530541747808456
                        ],
                        [
                            0.0280767735093832,
                            0.9996045827865601,
                            0.0015349193708971143
                        ],
                        [
                            0.03947193920612335,
                            -0.0026430075522512197,
                            0.9992172122001648
                        ]
                    ],
                    "specTranslation": {
                        "x": -7.5,
                        "y": 0.0,
                        "z": 0.0
                    },
                    "toCameraSocket": 2,
                    "translation": {
                        "x": -7.497363567352295,
                        "y": -0.0256271380931139,
                        "z": -0.16014695167541504
                    }
                },
                "height": 800,
                "intrinsicMatrix": [
                    [
                        798.8645629882813,
                        0.0,
                        646.4112548828125
                    ],
                    [
                        0.0,
                        798.7935791015625,
                        399.5916442871094
                    ],
                    [
                        0.0,
                        0.0,
                        1.0
                    ]
                ],
                "lensPosition": 0,
                "specHfovDeg": 71.86000061035156,
                "width": 1280
            }
        ]
    ],
    "deviceName": "",
    "hardwareConf": "F0-FV00-BC000",
    "housingExtrinsics": {
        "rotationMatrix": [
            [
                0.9998863339424133,
                -0.003094163490459323,
                0.014758008532226086
            ],
            [
                0.002936297096312046,
                0.9999383687973022,
                0.010706697590649128
            ],
            [
                -0.014790227636694908,
                -0.010662145912647247,
                0.9998337626457214
            ]
        ],
        "specTranslation": {
            "x": 0.0,
            "y": 0.0,
            "z": 0.0
        },